contact_city,clean_city,count,map_city_tier1
AMPANG,AMPANG,49.0,AMPANG
"AMPANG,","AMPANG,",5.0,AMPANG
AMPANG JAYA,AMPANG JAYA,1.0,AMPANG
PANDAN JAYA,PANDAN JAYA,1.0,AMPANG
CHERAS,CHERAS,64.0,CHERAS
BATU 9 CHERAS,BATU 9 CHERAS,6.0,CHERAS
BALAKONG,BALAKONG,4.0,CHERAS
CHERAS KUALA LUMPUR,CHERAS KUALA LUMPUR,4.0,CHERAS
PANDAN PERDANA,PANDAN PERDANA,2.0,CHERAS
BANDAR DAMAI PERDANA,BANDAR DAMAI PERDANA,1.0,CHERAS
"BANDAR TUN RAZAK, SERI PERMAISURI","BANDAR TUN RAZAK, SERI PERMAISURI",1.0,CHERAS
"BATU 9 CHERAS,","BATU 9 CHERAS,",1.0,CHERAS
BUKIT MANDARINA,BUKIT MANDARINA,1.0,CHERAS
"CHERAS,","CHERAS,",1.0,CHERAS
CYBERJAYA,CYBERJAYA,69.0,CYBERJAYA
CYBERSOUTH,CYBERSOUTH,3.0,CYBERJAYA
CBYERJAYA,CBYERJAYA,1.0,CYBERJAYA
BATU CAVES,BATU CAVES,79.0,GOMBAK
"BATU CAVES,","BATU CAVES,",17.0,GOMBAK
SELAYANG,SELAYANG,7.0,GOMBAK
KUANG,KUANG,5.0,GOMBAK
BATU CAVE,BATU CAVE,3.0,GOMBAK
GOMBAK,GOMBAK,2.0,GOMBAK
BATU ARANG,BATU ARANG,1.0,GOMBAK
BT CAVES,BT CAVES,1.0,GOMBAK
KUNDANG,KUNDANG,1.0,GOMBAK
BANDAR BARU BANGI,BANDAR BARU BANGI,9.0,HULU LANGAT
BANGI,BANGI,5.0,HULU LANGAT
BANDAR PUNCAK ALAM,BANDAR PUNCAK ALAM,6.0,HULU/KUALA SELANGOR
KUALA SELANGOR,KUALA SELANGOR,5.0,HULU/KUALA SELANGOR
TANJONG KARANG,TANJONG KARANG,5.0,HULU/KUALA SELANGOR
SERENDAH,SERENDAH,4.0,HULU/KUALA SELANGOR
KUALA KUBU BHARU,KUALA KUBU BHARU,3.0,HULU/KUALA SELANGOR
JERAM,JERAM,3.0,HULU/KUALA SELANGOR
SUNGAI BESAR,SUNGAI BESAR,3.0,HULU/KUALA SELANGOR
BATANG KALI,BATANG KALI,2.0,HULU/KUALA SELANGOR
RASA,RASA,2.0,HULU/KUALA SELANGOR
"BANDAR PUNCAK ALAM,","BANDAR PUNCAK ALAM,",2.0,HULU/KUALA SELANGOR
SEKINCHAN,SEKINCHAN,2.0,HULU/KUALA SELANGOR
SABAK BERNAM,SABAK BERNAM,2.0,HULU/KUALA SELANGOR
ULU YAM BARU,ULU YAM BARU,1.0,HULU/KUALA SELANGOR
"KUALA SELANGOR,","KUALA SELANGOR,",1.0,HULU/KUALA SELANGOR
"SEKINCHAN,","SEKINCHAN,",1.0,HULU/KUALA SELANGOR
"TANJONG KARANG,","TANJONG KARANG,",1.0,HULU/KUALA SELANGOR
TANJUNG KARANG,TANJUNG KARANG,1.0,HULU/KUALA SELANGOR
JOHOR,JOHOR,21.0,JOHOR
PONTIAN,PONTIAN,19.0,JOHOR
KLUANG,KLUANG,17.0,JOHOR
MUAR,MUAR,14.0,JOHOR
BATU PAHAT,BATU PAHAT,9.0,JOHOR
SEGAMAT,SEGAMAT,9.0,JOHOR
PEKAN NANAS,PEKAN NANAS,5.0,JOHOR
YONG PENG,YONG PENG,5.0,JOHOR
KOTA TINGGI,KOTA TINGGI,3.0,JOHOR
KULAIJAYA,KULAIJAYA,3.0,JOHOR
PEKAN NENAS,PEKAN NENAS,3.0,JOHOR
BATU ANAM,BATU ANAM,2.0,JOHOR
"BATU PAHAT,","BATU PAHAT,",2.0,JOHOR
KUKUP,KUKUP,2.0,JOHOR
LABIS,LABIS,2.0,JOHOR
LEDANG,LEDANG,2.0,JOHOR
AYER HITAM,AYER HITAM,1.0,JOHOR
BEKOK,BEKOK,1.0,JOHOR
CHAAH,CHAAH,1.0,JOHOR
JEMENTAH SEGAMAT,JEMENTAH SEGAMAT,1.0,JOHOR
LAYANG LAYANG,LAYANG LAYANG,1.0,JOHOR
MERSING,MERSING,1.0,JOHOR
PALOH,PALOH,1.0,JOHOR
PONTION,PONTION,1.0,JOHOR
POTIAN,POTIAN,1.0,JOHOR
SENGGARANG,SENGGARANG,1.0,JOHOR
TANGKAK,TANGKAK,1.0,JOHOR
JOHOR BAHRU,JOHOR BAHRU,443.0,JOHOR BAHRU
ISKANDAR PUTERI,ISKANDAR PUTERI,412.0,JOHOR BAHRU
SKUDAI,SKUDAI,134.0,JOHOR BAHRU
NUSAJAYA,NUSAJAYA,22.0,JOHOR BAHRU
GELANG PATAH,GELANG PATAH,18.0,JOHOR BAHRU
KULAI,KULAI,18.0,JOHOR BAHRU
ULU TIRAM,ULU TIRAM,9.0,JOHOR BAHRU
MASAI,MASAI,8.0,JOHOR BAHRU
SENAI,SENAI,8.0,JOHOR BAHRU
ISKANDAR PUTERI JOHOR BAHRU,ISKANDAR PUTERI JOHOR BAHRU,6.0,JOHOR BAHRU
ISKANDAR PUETRI,ISKANDAR PUETRI,3.0,JOHOR BAHRU
PASIR GUDANG,PASIR GUDANG,3.0,JOHOR BAHRU
"ISKANDAR PUTERI,","ISKANDAR PUTERI,",2.0,JOHOR BAHRU
BANDAR NUSA JAYA,BANDAR NUSA JAYA,1.0,JOHOR BAHRU
GELANG GETAH,GELANG GETAH,1.0,JOHOR BAHRU
GELANG PATAH  JOHOR BAHRU,GELANG PATAH JOHOR BAHRU,1.0,JOHOR BAHRU
GERBANG NUSAJAYA,GERBANG NUSAJAYA,1.0,JOHOR BAHRU
HORIZON HILLS,HORIZON HILLS,1.0,JOHOR BAHRU
ISKANDAR PUTERI JOHO,ISKANDAR PUTERI JOHO,1.0,JOHOR BAHRU
JB,JB,1.0,JOHOR BAHRU
KAJANG,KAJANG,258.0,KAJANG
SEMENYIH,SEMENYIH,10.0,KAJANG
KULIM,KULIM,3.0,KEDAH/PERLIS
ALOR SETAR,ALOR SETAR,2.0,KEDAH/PERLIS
JITRA,JITRA,1.0,KEDAH/PERLIS
KEDAH,KEDAH,1.0,KEDAH/PERLIS
LANGKAWI,LANGKAWI,1.0,KEDAH/PERLIS
LUNAS,LUNAS,1.0,KEDAH/PERLIS
PADANG SERAI,PADANG SERAI,1.0,KEDAH/PERLIS
"SIMPANG EMPAT,","SIMPANG EMPAT,",1.0,KEDAH/PERLIS
KOTA BHARU,KOTA BHARU,3.0,KELANTAN/TERENGGANU
"KOTA BHARU,","KOTA BHARU,",1.0,KELANTAN/TERENGGANU
KUALA KRAI,KUALA KRAI,1.0,KELANTAN/TERENGGANU
MACHANG,MACHANG,1.0,KELANTAN/TERENGGANU
KEPONG,KEPONG,61.0,KEPONG
"KEPONG,","KEPONG,",7.0,KEPONG
DESA PARKCITY,DESA PARKCITY,5.0,KEPONG
BANDAR MENJALARA,BANDAR MENJALARA,2.0,KEPONG
"DESA PARKCITY,","DESA PARKCITY,",2.0,KEPONG
LAMAN RIMBUNAN,LAMAN RIMBUNAN,2.0,KEPONG
"BANDAR MANJALARA,","BANDAR MANJALARA,",1.0,KEPONG
"BANDAR MENJALARA,","BANDAR MENJALARA,",1.0,KEPONG
"BANDAR SRI MENJALARA, KEPONG","BANDAR SRI MENJALARA, KEPONG",1.0,KEPONG
"DESA AMAN PURI,","DESA AMAN PURI,",1.0,KEPONG
DESA SETAPAK,DESA SETAPAK,1.0,KEPONG
JINJANG SELATAN,JINJANG SELATAN,1.0,KEPONG
KEPONG BARU,KEPONG BARU,1.0,KEPONG
KEPONG INDUSTRIAL PARK,KEPONG INDUSTRIAL PARK,1.0,KEPONG
KEPONG KUALA LUMPUR,KEPONG KUALA LUMPUR,1.0,KEPONG
KEPONG UTAMA,KEPONG UTAMA,1.0,KEPONG
"KEPONG, KUALA LUMPUR","KEPONG, KUALA LUMPUR",1.0,KEPONG
SUNWAY SPK DAMANSARA,SUNWAY SPK DAMANSARA,1.0,KEPONG
"TAMAN PERINDUSTRIAN KIP,","TAMAN PERINDUSTRIAN KIP,",1.0,KEPONG
KLANG,KLANG,481.0,KLANG
PELABUHAN KLANG,PELABUHAN KLANG,32.0,KLANG
PORT KLANG,PORT KLANG,12.0,KLANG
KAPAR,KAPAR,7.0,KLANG
"KLANG,","KLANG,",2.0,KLANG
BANDAR BOTANIC,BANDAR BOTANIC,1.0,KLANG
PELABOHAN KLANG,PELABOHAN KLANG,1.0,KLANG
ULU KLANG,ULU KLANG,1.0,KLANG
TELOK PANGLIMA GARANG,TELOK PANGLIMA GARANG,57.0,KUALA LANGAT
TELUK PANGLIMA GARANG,TELUK PANGLIMA GARANG,38.0,KUALA LANGAT
JENJAROM,JENJAROM,30.0,KUALA LANGAT
BANTING,BANTING,25.0,KUALA LANGAT
TELOK PANGLIMA GARAN,TELOK PANGLIMA GARAN,5.0,KUALA LANGAT
BANDAR SAUJANA PUTRA,BANDAR SAUJANA PUTRA,4.0,KUALA LANGAT
KUALA LANGAT,KUALA LANGAT,3.0,KUALA LANGAT
TELOK PENGLIMA GARANG,TELOK PENGLIMA GARANG,3.0,KUALA LANGAT
TELOK PANGLIMA GARANG SELANGOR,TELOK PANGLIMA GARANG SELANGOR,2.0,KUALA LANGAT
"TELOK PANGLIMA GARANG,","TELOK PANGLIMA GARANG,",2.0,KUALA LANGAT
BANDAR SAUJAN PUTRA,BANDAR SAUJAN PUTRA,1.0,KUALA LANGAT
"BANTING, KUALA LANGAT","BANTING, KUALA LANGAT",1.0,KUALA LANGAT
KEBUN BARU,KEBUN BARU,1.0,KUALA LANGAT
PENGLIMA GARANG,PENGLIMA GARANG,1.0,KUALA LANGAT
TELUK PANGLIMA GARAN,TELUK PANGLIMA GARAN,1.0,KUALA LANGAT
TELUK PANGLIMA GARNANG,TELUK PANGLIMA GARNANG,1.0,KUALA LANGAT
KUALA LUMPUR,KUALA LUMPUR,588.0,KUALA LUMPUR
KL,KL,66.0,KUALA LUMPUR
"KUALA LUMPUR,","KUALA LUMPUR,",17.0,KUALA LUMPUR
SEGAMBUT,SEGAMBUT,10.0,KUALA LUMPUR
SETAPAK,SETAPAK,10.0,KUALA LUMPUR
WANGSA MAJU,WANGSA MAJU,6.0,KUALA LUMPUR
SENTUL,SENTUL,4.0,KUALA LUMPUR
KUAL LUMPUR,KUAL LUMPUR,3.0,KUALA LUMPUR
KUALA LIMPUR,KUALA LIMPUR,3.0,KUALA LUMPUR
JALAN IPOH,JALAN IPOH,2.0,KUALA LUMPUR
KUALA LUMOUR,KUALA LUMOUR,2.0,KUALA LUMPUR
KUALA LUMPER,KUALA LUMPER,2.0,KUALA LUMPUR
KUALA LUMPUR  (KL),KUALA LUMPUR (KL),2.0,KUALA LUMPUR
KUALA LUMPUR W. PERSEKUTUAN (KL),KUALA LUMPUR W. PERSEKUTUAN (KL),2.0,KUALA LUMPUR
KUALA LUMPUR.,KUALA LUMPUR.,2.0,KUALA LUMPUR
OFF JALAN KUCHAI LAMA,OFF JALAN KUCHAI LAMA,2.0,KUALA LUMPUR
OFF JALAN KUCHING,OFF JALAN KUCHING,2.0,KUALA LUMPUR
SENTUL PASAR,SENTUL PASAR,2.0,KUALA LUMPUR
TAMAN MELAWATI,TAMAN MELAWATI,2.0,KUALA LUMPUR
SUNGAI BESI,SUNGAI BESI,2.0,KUALA LUMPUR
BANDAR BARU SENTUL,BANDAR BARU SENTUL,1.0,KUALA LUMPUR
BUKIT SEGAMBUT,BUKIT SEGAMBUT,1.0,KUALA LUMPUR
DANAU KOTA SETAPAK,DANAU KOTA SETAPAK,1.0,KUALA LUMPUR
DESA MELAWATI,DESA MELAWATI,1.0,KUALA LUMPUR
JALAN CONLAY,JALAN CONLAY,1.0,KUALA LUMPUR
JALAN GOMBAK,JALAN GOMBAK,1.0,KUALA LUMPUR
JALAN KUCHING OFF JALAN DUTA,JALAN KUCHING OFF JALAN DUTA,1.0,KUALA LUMPUR
"KL,","KL,",1.0,KUALA LUMPUR
KUALA LUM,KUALA LUM,1.0,KUALA LUMPUR
"KUALA LUMPUR , W.PERSEKUTUAN","KUALA LUMPUR , W.PERSEKUTUAN",1.0,KUALA LUMPUR
KUALA LUMPUR WILLAYAH PERSEKUTUAN,KUALA LUMPUR WILLAYAH PERSEKUTUAN,1.0,KUALA LUMPUR
KUALA LUMPUR WPERSEKUTUAN,KUALA LUMPUR WPERSEKUTUAN,1.0,KUALA LUMPUR
KUALA LUMPUR WPERSEKUTUAN (KL),KUALA LUMPUR WPERSEKUTUAN (KL),1.0,KUALA LUMPUR
OFF JALAN IPOH,OFF JALAN IPOH,1.0,KUALA LUMPUR
SEGAMBUT DALAM,SEGAMBUT DALAM,1.0,KUALA LUMPUR
TAMAN BUKIT MALURI,TAMAN BUKIT MALURI,1.0,KUALA LUMPUR
TAMAN INTAN BAIDURI,TAMAN INTAN BAIDURI,1.0,KUALA LUMPUR
TAMAN MELATI UTAMA,TAMAN MELATI UTAMA,1.0,KUALA LUMPUR
TAMAN SRI BINTANG,TAMAN SRI BINTANG,1.0,KUALA LUMPUR
TAMAN SRI SINAR SEGAMBUT,TAMAN SRI SINAR SEGAMBUT,1.0,KUALA LUMPUR
"WANGSA MAJU,","WANGSA MAJU,",1.0,KUALA LUMPUR
WILAYAH PERSEKUTUAN KUALA LUMPUR,WILAYAH PERSEKUTUAN KUALA LUMPUR,1.0,KUALA LUMPUR
LAKEFIELDS SUNGAI BESI,LAKEFIELDS SUNGAI BESI,1.0,KUALA LUMPUR
MELAKA,MELAKA,13.0,MELAKA
SIMPANG AMPAT,SIMPANG AMPAT,4.0,MELAKA
ALOR GAJAH,ALOR GAJAH,1.0,MELAKA
BATU BERENDAM,BATU BERENDAM,1.0,MELAKA
CHENG BARU,CHENG BARU,1.0,MELAKA
HUTAN MELINTANG,HUTAN MELINTANG,1.0,MELAKA
KOTA LAKSAMANA,KOTA LAKSAMANA,1.0,MELAKA
TAMAN MALIM JAYA,TAMAN MALIM JAYA,1.0,MELAKA
TAMPIN,TAMPIN,1.0,MELAKA
TANJONG KELING,TANJONG KELING,1.0,MELAKA
SEREMBAN,SEREMBAN,33.0,N. SEMBILAN
NILAI,NILAI,9.0,N. SEMBILAN
PORT DICKSON,PORT DICKSON,8.0,N. SEMBILAN
SEPANG,SEPANG,6.0,N. SEMBILAN
MANTIN,MANTIN,3.0,N. SEMBILAN
TANJONG SEPAT,TANJONG SEPAT,3.0,N. SEMBILAN
RANTAU,RANTAU,2.0,N. SEMBILAN
BAHAU,BAHAU,1.0,N. SEMBILAN
"BANDAR SERI JEMPOL,","BANDAR SERI JEMPOL,",1.0,N. SEMBILAN
LABU,LABU,1.0,N. SEMBILAN
LUKUT,LUKUT,1.0,N. SEMBILAN
SEREMBAN 2,SEREMBAN 2,1.0,N. SEMBILAN
SUNGAI GADUT,SUNGAI GADUT,1.0,N. SEMBILAN
"TANJONG SEPAT,","TANJONG SEPAT,",1.0,N. SEMBILAN
TANJUNG SEPAT,TANJUNG SEPAT,1.0,N. SEMBILAN
Undefined,UNDEFINED,470.0,NOT APPLICABLE
China,CHINA,2.0,OTHER
ADGESTONE,ADGESTONE,1.0,OTHER
BEIJING,BEIJING,1.0,OTHER
KONEDOBU,KONEDOBU,1.0,OTHER
KOWLOON,KOWLOON,1.0,OTHER
LONDON,LONDON,1.0,OTHER
MONGKOK KOWLOON,MONGKOK KOWLOON,1.0,OTHER
NEW TERRITORIES,NEW TERRITORIES,1.0,OTHER
SHENZHEN,SHENZHEN,1.0,OTHER
SHENZHENG,SHENZHENG,1.0,OTHER
SHEUNG WAN,SHEUNG WAN,1.0,OTHER
SHIBUYA-KU,SHIBUYA-KU,1.0,OTHER
SICHUAN,SICHUAN,1.0,OTHER
TAIPEI,TAIPEI,1.0,OTHER
USA,USA,1.0,OTHER
DHAKA CANTONMENT,DHAKA CANTONMENT,1.0,OTHER
HO CHI MINH CITY,HO CHI MINH CITY,1.0,OTHER
HSIN CHU COUNTY,HSIN CHU COUNTY,1.0,OTHER
INDONESIA,INDONESIA,1.0,OTHER
JAKARTA,JAKARTA,1.0,OTHER
KUANTAN,KUANTAN,6.0,PAHANG
PAHANG,PAHANG,3.0,PAHANG
MENTAKAB,MENTAKAB,2.0,PAHANG
RAUB,RAUB,2.0,PAHANG
TRIANG,TRIANG,2.0,PAHANG
BANDAR BERA,BANDAR BERA,1.0,PAHANG
BENTONG,BENTONG,1.0,PAHANG
JERANTUT,JERANTUT,1.0,PAHANG
"KUANTAN,","KUANTAN,",1.0,PAHANG
MARAN,MARAN,1.0,PAHANG
PADANG TENGKU,PADANG TENGKU,1.0,PAHANG
TEMERLOH,TEMERLOH,1.0,PAHANG
BUTTERWORTH,BUTTERWORTH,9.0,PENANG
BUKIT MERTAJAM,BUKIT MERTAJAM,7.0,PENANG
SUNGAI PETANI,SUNGAI PETANI,7.0,PENANG
BAYAN LEPAS,BAYAN LEPAS,3.0,PENANG
GELUGOR,GELUGOR,3.0,PENANG
GEORGETOWN,GEORGETOWN,3.0,PENANG
KEPALA BATAS,KEPALA BATAS,2.0,PENANG
"BUKIT MERTAJAM,","BUKIT MERTAJAM,",1.0,PENANG
NIBONG TEBAL,NIBONG TEBAL,1.0,PENANG
PERAI,PERAI,1.0,PENANG
PULAU PINANG,PULAU PINANG,1.0,PENANG
TANJUNG BUNGAH,TANJUNG BUNGAH,1.0,PENANG
IPOH,IPOH,21.0,PERAK
TELUK INTAN,TELUK INTAN,6.0,PERAK
KAMPAR,KAMPAR,5.0,PERAK
MENGLEMBU,MENGLEMBU,5.0,PERAK
TAIPING,TAIPING,5.0,PERAK
TANJUNG MALIM,TANJUNG MALIM,5.0,PERAK
BIDOR,BIDOR,4.0,PERAK
AYER TAWAR,AYER TAWAR,3.0,PERAK
"IPOH,","IPOH,",3.0,PERAK
KUALA KANGSAR,KUALA KANGSAR,3.0,PERAK
LUMUT,LUMUT,3.0,PERAK
SETIAWAN,SETIAWAN,3.0,PERAK
SITIAWAN,SITIAWAN,3.0,PERAK
BAGAN DATOH,BAGAN DATOH,1.0,PERAK
BATU GAJAH,BATU GAJAH,1.0,PERAK
C HIGHLANDS,C HIGHLANDS,1.0,PERAK
CHEMOR,CHEMOR,1.0,PERAK
KG GAJAH,KG GAJAH,1.0,PERAK
LAHAT,LAHAT,1.0,PERAK
PANTAI REMIS,PANTAI REMIS,1.0,PERAK
PARIT,PARIT,1.0,PERAK
PERAK,PERAK,1.0,PERAK
SG SIPUT (U),SG SIPUT (U),1.0,PERAK
SLIM RIVER,SLIM RIVER,1.0,PERAK
TAPAH,TAPAH,1.0,PERAK
"TELUK INTAN,","TELUK INTAN,",1.0,PERAK
"TG, PIANDANG","TG, PIANDANG",1.0,PERAK
ULU KINTA,ULU KINTA,1.0,PERAK
KANGAR,KANGAR,1.0,KEDAH/PERLIS
PETALING JAYA,PETALING JAYA,306.0,PETALING JAYA
"PETALING JAYA,","PETALING JAYA,",41.0,PETALING JAYA
KOTA DAMANSARA,KOTA DAMANSARA,4.0,PETALING JAYA
BANGSAR,BANGSAR,3.0,PETALING JAYA
DAMANSARA,DAMANSARA,3.0,PETALING JAYA
DAMANSARA DAMAI,DAMANSARA DAMAI,3.0,PETALING JAYA
TTDI KUALA LUMPUR,TTDI KUALA LUMPUR,2.0,PETALING JAYA
KELANA JAYA,KELANA JAYA,2.0,PETALING JAYA
PEATALING JAYA,PEATALING JAYA,2.0,PETALING JAYA
JALAN PANTAI DALAM,JALAN PANTAI DALAM,1.0,PETALING JAYA
PANTAI HILLPARK,PANTAI HILLPARK,1.0,PETALING JAYA
ARA DAMANSARA,ARA DAMANSARA,1.0,PETALING JAYA
BUKIT DAMANSARA,BUKIT DAMANSARA,1.0,PETALING JAYA
"DAMANSARA DAMAI,","DAMANSARA DAMAI,",1.0,PETALING JAYA
DAMANSARA HEIGHTS,DAMANSARA HEIGHTS,1.0,PETALING JAYA
"DAMANSARA HEIGHTS,","DAMANSARA HEIGHTS,",1.0,PETALING JAYA
DAMANSARA JAYA,DAMANSARA JAYA,1.0,PETALING JAYA
"KOTA DAMANSARA,","KOTA DAMANSARA,",1.0,PETALING JAYA
TAMAN TUN DR ISMAIL,TAMAN TUN DR ISMAIL,1.0,PETALING JAYA
BANDAR UTAMA,BANDAR UTAMA,1.0,PETALING JAYA
PJ,PJ,1.0,PETALING JAYA
PUCHONG,PUCHONG,228.0,PUCHONG
"PUCHONG,","PUCHONG,",5.0,PUCHONG
PUTRA HEIGHTS,PUTRA HEIGHTS,4.0,PUCHONG
BANDAR PUCHONG,BANDAR PUCHONG,2.0,PUCHONG
BANDAR PUCHONG JAYA,BANDAR PUCHONG JAYA,1.0,PUCHONG
PUCHONG JAYA,PUCHONG JAYA,1.0,PUCHONG
PUCHONG SOUTH,PUCHONG SOUTH,1.0,PUCHONG
PUTRAJAYA,PUTRAJAYA,26.0,PUTRAJAYA
DENGKIL,DENGKIL,11.0,PUTRAJAYA
JALAN P11 A1/1,JALAN P11 A1/1,1.0,PUTRAJAYA
PRESINT 17,PRESINT 17,1.0,PUTRAJAYA
PRESINT 8,PRESINT 8,1.0,PUTRAJAYA
"PUTRAJAYA,","PUTRAJAYA,",1.0,PUTRAJAYA
RAWANG,RAWANG,254.0,RAWANG
"RAWANG,","RAWANG,",21.0,RAWANG
BUKIT BERUNTONG,BUKIT BERUNTONG,1.0,RAWANG
RAWANAG,RAWANAG,1.0,RAWANG
RAWANG SELANGOR,RAWANG SELANGOR,1.0,RAWANG
RWANG,RWANG,1.0,RAWANG
KOTA KINABALU,KOTA KINABALU,6.0,SABAH
TAWAU,TAWAU,2.0,SABAH
LIKAS,LIKAS,1.0,SABAH
SANDAKAN,SANDAKAN,1.0,SABAH
MIRI,MIRI,7.0,SARAWAK
SIBU,SIBU,7.0,SARAWAK
KUCHING,KUCHING,6.0,SARAWAK
BINTULU,BINTULU,3.0,SARAWAK
BINTANGOR,BINTANGOR,1.0,SARAWAK
LIMBANG,LIMBANG,1.0,SARAWAK
SANIKEI,SANIKEI,1.0,SARAWAK
SARAWAK,SARAWAK,1.0,SARAWAK
SRI AMAN,SRI AMAN,1.0,SARAWAK
SELANGOR,SELANGOR,13.0,SELANGOR
SELANGOR DARUL EHSAN,SELANGOR DARUL EHSAN,1.0,SELANGOR
SELANGOR DARUL EHSAN.,SELANGOR DARUL EHSAN.,1.0,SELANGOR
BUKIT JALIL,BUKIT JALIL,21.0,SEPUTEH
BANDAR BARU SRI PETALING,BANDAR BARU SRI PETALING,2.0,SEPUTEH
BUKIT OUG,BUKIT OUG,1.0,SEPUTEH
SRI PETALING,SRI PETALING,1.0,SEPUTEH
TAMAN BUKIT INDAH,TAMAN BUKIT INDAH,1.0,SEPUTEH
TAMAN DESA,TAMAN DESA,1.0,SEPUTEH
TAMAN OUG PARKLANE,TAMAN OUG PARKLANE,1.0,SEPUTEH
"TAMAN OUG,","TAMAN OUG,",1.0,SEPUTEH
TAMAN SEPUTIH,TAMAN SEPUTIH,1.0,SEPUTEH
SERI KEMBANGAN,SERI KEMBANGAN,107.0,SERDANG
"SERI KEMBANGAN,","SERI KEMBANGAN,",4.0,SERDANG
SERDANG,SERDANG,2.0,SERDANG
SRI KEMBANGAN,SRI KEMBANGAN,1.0,SERDANG
SHAH ALAM,SHAH ALAM,313.0,SHAH ALAM
"SHAH ALAM,","SHAH ALAM,",7.0,SHAH ALAM
KOTA KEMUNING,KOTA KEMUNING,2.0,SHAH ALAM
KOTA KEMUNING SHAH ALAM,KOTA KEMUNING SHAH ALAM,2.0,SHAH ALAM
SHAH ALAM.,SHAH ALAM.,1.0,SHAH ALAM
Singapore,SINGAPORE,85.0,SINGAPORE
TOA PAYOH,TOA PAYOH,1.0,SINGAPORE
WOODLANDS,WOODLANDS,1.0,SINGAPORE
SINGA,SINGA,1.0,SINGAPORE
SUBANG JAYA,SUBANG JAYA,189.0,SUBANG JAYA
"SUBANG JAYA,","SUBANG JAYA,",4.0,SUBANG JAYA
SUBANG,SUBANG,3.0,SUBANG JAYA
UEP SUBANG JAYA,UEP SUBANG JAYA,3.0,SUBANG JAYA
USJ TAIPAN,USJ TAIPAN,1.0,SUBANG JAYA
SUNGAI BULOH,SUNGAI BULOH,110.0,SUNGAI BULOH
"SUNGAI BULOH,","SUNGAI BULOH,",18.0,SUNGAI BULOH
BANDAR SRI DAMANSARA,BANDAR SRI DAMANSARA,14.0,SUNGAI BULOH
"BANDAR SRI DAMANSARA,","BANDAR SRI DAMANSARA,",4.0,SUNGAI BULOH
SG BULOH,SG BULOH,4.0,SUNGAI BULOH
SRI DAMANSARA,SRI DAMANSARA,3.0,SUNGAI BULOH
SUNGAI BULUH,SUNGAI BULUH,2.0,SUNGAI BULOH
BANDAR BARU SUNGAI BULOH,BANDAR BARU SUNGAI BULOH,1.0,SUNGAI BULOH
BANDAR GAMUDA GARDENS,BANDAR GAMUDA GARDENS,1.0,SUNGAI BULOH
"SUNGAI BULUH,","SUNGAI BULUH,",1.0,SUNGAI BULOH
TAMAN WANGSA PERMAI,TAMAN WANGSA PERMAI,1.0,SUNGAI BULOH
MARANG,MARANG,3.0,KELANTAN/TERENGGANU
KUALA TERENGGANU,KUALA TERENGGANU,2.0,KELANTAN/TERENGGANU
DUNGUN,DUNGUN,1.0,KELANTAN/TERENGGANU
JERTEH,JERTEH,1.0,KELANTAN/TERENGGANU
KERTEH,KERTEH,1.0,KELANTAN/TERENGGANU
SETIU,SETIU,1.0,KELANTAN/TERENGGANU
,KENINGAU,,SABAH
,-,,NOT APPLICABLE
,SUBANG 2 SHAH ALAM,,SUBANG JAYA
,BUKIT RIMAU,,SHAH ALAM
,KUALA LUMPURWP,,KUALA LUMPUR
,KOTA KINBALU,,SABAH
,PASIR PUTEH,,KELANTAN/TERENGGANU
,KETEREH,,KELANTAN/TERENGGANU
,HULU LANGAT,,HULU/KUALA SELANGOR
,"GEMAS,",,N. SEMBILAN
,BEDONG,,KEDAH/PERLIS
,"KAJANG,",,KAJANG
,KUALA,,KUALA LUMPUR
,"JITRA,",,KEDAH/PERLIS
,NT,,NOT APPLICABLE
,PENAMPANG,,SABAH
,MALVERN EAST,,OTHER
,JOHOR BHARU,,JOHOR BAHRU
,MERU,,KLANG
,BANDAR BUKIT RAJA,,KLANG
,"KAJANG, SELANGOR",,KAJANG
,LAHAD DATU,,SABAH
,PETALING J,,PETALING JAYA
,TANJONG MALIM,,PERAK
,SEMPORNA,,SABAH
,KUALA KURAU,,PERAK
,SABAH,,SABAH
,MUADZAM SHAH,,PAHANG
,INANAM,,SABAH
,LABUAN,,SABAH
,MID-LEVEL,,NOT APPLICABLE
,BESTARI JAYA,,SELANGOR
,PENDANG,,KEDAH/PERLIS
,"KOTA KINABALU,",,SABAH
,"JENJAROM,",,SELANGOR
,PUNCAK ALAM,,SELANGOR
,BELAKONG,,KAJANG
,"KUANG, RAWANG",,RAWANG
,KUALA KUDU BHARU,,SELANGOR
,BERANANG,,SELANGOR
,"JOHOR BAHRU,",,JOHOR BAHRU
,"BANDAR PUTERI PUCHONG ,",,PUCHONG
,ISKANDAR PEUTERI,,JOHOR BAHRU
,JERAM KUALA,,SELANGOR
,KUALA LUMPUR  (KL),,KUALA LUMPUR
,BEAUFORT,,SABAH
,PERTH,,OTHER
,SG LONG,,KAJANG
,"INANAM,",,SABAH
,MELOR,,KELANTAN/TERENGGANU
,SETIA ALAM,,SHAH ALAM
,KUDAT,,SABAH
,SHAH ALM,,SHAH ALAM
,GENTING HIGHLANDS,,PAHANG
,"KAMUNTING,",,PERAK
,"BDR BARU AMPANG,",,AMPANG
,TAIPEI CITY,,OTHER
,TUARAN,,SABAH
,"SUNGKAI,",,PERAK
,BANDAR SRI PERMAISURI,,KUALA LUMPUR
,"KOTA DAMANSARA, PETALING JAYA",,PETALING JAYA
,BEMBAN,,MELAKA
,TAMAN SELATANKLANG,,KLANG
,SENAWANG,,N. SEMBILAN
,REMUERA,,OTHER
,PEKAN,,PAHANG
,KARAK,,PAHANG
,PEDAS,,N. SEMBILAN
,48000,,SELANGOR
,79100 ISKANDAR PUTERI JOHOR,,JOHOR BAHRU
,"SEREMBAN,",,N. SEMBILAN
,SUZHOU,,OTHER
,JALAN CHERAS,,KUALA LUMPUR
,"43000 KAJANG, SELANGOR",,KAJANG
,LAWAS,,SARAWAK
,KEMAMAN,,KELANTAN/TERENGGANU
,CHANGLOON,,KEDAH/PERLIS
,BEHRANG,,PERAK
,SERI MENANTI,,N. SEMBILAN
,SRI KUNDANG,,RAWANG
,"BATU ARANG,",,SELANGOR
,"MA ON SHAN, N.T.",,OTHER
,TAMAN SEA,,PETALING JAYA
,SHAH ALAM  DE,,SHAH ALAM
,MALAYSIA,,KUALA LUMPUR
,KAMUNTING,,PERAK
,NEGERI SEMBILAN,,N. SEMBILAN
,"NILAI,",,N. SEMBILAN
,"CYBERJAYA,",,CYBERJAYA
,SERI MANJUNG,,PERAK
,TG BUNGAH,,PENANG
,"DENGKIL,",,SELANGOR
,BANDAR TUN HUSSEIN ONN,,KUALA LUMPUR
,GURUN,,KEDAH/PERLIS
,"SG BULOH,",,SUNGAI BULOH
,PANDAN,,KUALA LUMPUR
,JASIN,,MELAKA
,KEMAYAN,,PAHANG
,REMBAU,,N. SEMBILAN
,HONG KONG,,OTHER
,KUCHAI LAMA,,KUALA LUMPUR
,KUALA LIPIS,,PAHANG
,SUNGAI NIBONG,,PENANG
,AYER KEROH,,MELAKA
,KUALA KUBU BARU,,SELANGOR
,KOTA KINABALUU,,SABAH
,KUALA NERUS,,KELANTAN/TERENGGANU
,T. PANGLIMA GARANG,,KUALA LANGAT
,BANDAR SUNWAY,,KUALA LUMPUR
,"BATANG BERJUNTAI,",,SELANGOR
,PUSING,,PERAK
,K.L,,KUALA LUMPUR
,JERTIH,,KELANTAN/TERENGGANU
,JENJARUM,,SELANGOR
,AYER ITAM,,PENANG
,SERI ISKANDAR,,PERAK
,KEMASEK,,KELANTAN/TERENGGANU
,BTG.BERJUNTAI,,SELANGOR
,AIR ITAM,,PENANG
,DESA PETALING,,PETALING JAYA
,"MONT’ KIARA,",,KUALA LUMPUR
,SG BESAR,,SELANGOR
,BANDAR PUTRA PERMAI,,SERDANG
,BANDAR TASIK PUTERI,,RAWANG
,SG. BULOH,,SUNGAI BULOH
,RANAU,,SABAH
,",",,NOT APPLICABLE
,PARIT BUNTAR,,PERAK
,KUALA PILAH,,N. SEMBILAN
,PASIR MAS,,KELANTAN/TERENGGANU
,JIASHAN,,OTHER
,PETALING JAYA.,,PETALING JAYA
,TAMAN SRI SENTOSA,,KUALA LUMPUR
,TAMPARULI,,SABAH
,KALNG,,KLANG
,NUSJAYA,,JOHOR BAHRU
,SUNGAI LONG,,KAJANG
,FUZHOU,,OTHER
,SUNGAI BULOH.,,SUNGAI BULOH
,WAKAF BHARU,,KELANTAN/TERENGGANU
,TAMBUNAN,,SABAH
,KEPONGKUALA LUMPURWP,,KEPONG
,BUKIT BERUNTUNG,,RAWANG
,KUANG.,,SELANGOR
,LENGGENG,,N. SEMBILAN
,KOTA MARUDU,,SABAH
,MANJUNG,,PERAK
,"PANGKOR,",,PERAK
,PENANG,,PENANG
,NEW TAIPEI CITY,,OTHER
,TANJONG BUNGAH,,PENANG
,SETAPAK KUALA LUMPUR,,KUALA LUMPUR
,SUNGAI SUMUN,,PERAK
,PENAMBANG,,HULU/KUALA SELANGOR
,UPM SERDANG,,SERDANG
,KLANG  SLANGOR,,KLANG
,"SUNGAI BULOH JAYA,",,SUNGAI BULOH
,KUALA KEDAH,,KEDAH/PERLIS
,HULU SELNGOR,,HULU/KUALA SELANGOR
,KLUANG JOHOR DARUL T,,JOHOR
,"RANTAU PANJANG,",,KELANTAN/TERENGGANU
,BAGAN SERAI,,PERAK
,KAMPUNG JAWA,,KLANG
,KUALA BESUT,,KELANTAN/TERENGGANU
,TEMOH,,PERAK
,"KEPONG BARU,",,KEPONG
,"SABAK BERNAM,",,SELANGOR
,"SIMPANG RENGGAM,",,JOHOR
,JALAN HOSPITAL,,SABAH
,"MERU,",,SELANGOR
,BT ARANG,,SELANGOR
,LAYANG-LAYANG,,JOHOR
,"BANTING,",,SELANGOR
,BANDAR TUN ABDUL RAZAK,,PAHANG
,SAN FRANCISCO,,OTHER
,SUNGAI CHOH,,RAWANG
,BANDAR SERI JEMPOL,,N. SEMBILAN
,WP PUTRAJAYA,,PUTRAJAYA
,TAMAN TUN DR. ISMAIL,,KUALA LUMPUR
,BANDAR SERENIA,,SELANGOR
,KOTA BELUD,,SABAH
,"GEMENCHEH,",,N. SEMBILAN
,"SEKSYEN U20,",,SHAH ALAM
,"SETIAWAN,",,PERAK
,BANDAR ENSTEK,,N. SEMBILAN
,SEKSYEN U5,,SHAH ALAM
,"KERLING ,",,SELANGOR
,TELOK INTAN,,PERAK
,79100 NUSAJAYA,,JOHOR BAHRU
,KUALA LUMPUR  KUALA LUMPUR,,KUALA LUMPUR
,KERLING,,SELANGOR
,PAPAR,,SABAH
,"KUCHAI ENTREPRENEURS PARK,",,KUALA LUMPUR
,BT 9 CHERAS,,CHERAS
,SECTION 31 SHAH ALAM,,SHAH ALAM
,KUALA KLAWANG,,N. SEMBILAN
,JELI,,KELANTAN/TERENGGANU
,RIYADH,,OTHER
,KUALA PENYU,,SABAH
,KOLOMBONG KOTA KINABALU,,SABAH
,BANDAR BARU ENSTEK,,N. SEMBILAN
,*PORT KLANG,,KLANG
,KAMPUNG KEPAYANG,,PERAK
,SUNGAI CHUA,,KAJANG
,KUALA LUMUR,,KUALA LUMPUR
,INAMAN,,SABAH
,TANJONG KLING,,MELAKA
,TANJUNG TOKONG,,PENANG
,PAKA,,KELANTAN/TERENGGANU
,KOTA SAMARAHAN,,SARAWAK
,HULU LAMGAT,,HULU/KUALA SELANGOR
,BANDAR SUNGAI BULOH,,SUNGAI BULOH
,DESA SRI HARTAMAS,,KUALA LUMPUR
,BERA,,SELANGOR
,BUKIT KATIL,,MELAKA
,SUNGAI AYER TAWAR,,SELANGOR
,"TEMERLOH,",,PAHANG
,BATANG BERJUNTAI,,SELANGOR
,TLK PANGLIMA GARANG,,KUALA LANGAT
,MASJID TANAH,,MELAKA
,JENJAROM KUALA LANGAT,,KUALA LANGAT
,BANDAR BARU SUNGAI B,,SUNGAI BULOH
,DURIAN TIPUS,,N. SEMBILAN
,"JERTEH,",,KELANTAN/TERENGGANU
,SARIKEI,,SARAWAK
,GELANG PATAH  JOHOR BAHRU,,JOHOR BAHRU
,"BANDAR BARU BANGI,",,SELANGOR
,"SUNGAI PETANI,",,KEDAH/PERLIS
,"PUTRA NILAI,",,N. SEMBILAN
,TERENGGANU,,KELANTAN/TERENGGANU
,"DAMANSARA UTAMA, PETALING JAYA",,PETALING JAYA
,BANDAR SUNGAI LONG,,KAJANG
,SUNWAY DAMANSARA,,PETALING JAYA
,KUALA SUNGAI BARU,,MELAKA
,JEJAROM,,SELANGOR
,MANIR,,KELANTAN/TERENGGANU
,AMPANG KUALA LUMPUR,,AMPANG
,SIMPANG RENGGAM,,JOHOR
,BATU KIKIR,,N. SEMBILAN
,SYDNEY,,OTHER
,KANGKAR PULAI,,JOHOR
,TRONG,,PERAK
,"YAN,",,KEDAH/PERLIS
,"TANJUNG KARANG,",,SELANGOR
,"CHERAS, KUALA LUMPUR,",,CHERAS
,PINANG,,PENANG
,48050,,SELANGOR
,"DESA JAYA,",,KEPONG
,TAMAN SRI JATI OFF JLN PUCHONG,,PUCHONG
,PERMATANG PAUH,,PENANG
,GREENLANE,,OTHER
,TITI JELEBU,,N. SEMBILAN
,PUTATAN KOTA KINABALU,,SABAH
,"TELUK PANGLIMA GARANG, KUALA LANGAT",,KUALA LANGAT
,MONT KIARA,,KUALA LUMPUR
,SAMARAHAN,,SARAWAK
,SEREMBAN N,,N. SEMBILAN
,PELABUHAN KLANG SEL,,HULU/KUALA SELANGOR
,WANCHAI,,OTHER
,SERENDAH RAWANG,,RAWANG
,BKT MERTAJAM,,PENANG
,BEHRANG STESEN,,PERAK
,SEBERANG PRAI PPINANG,,PENANG
,PULAU KETAM,,KLANG
,KLANG SEL,,HULU/KUALA SELANGOR
,BERUAS,,PERAK
,SIMPANG AMPAT MALAYSIA,,PENANG
,LARKIN,,JOHOR
,WP,,KUALA LUMPUR
,TG TOKONG,,PENANG
,"BUKIT JALIL,",,SELANGOR
,CAMERON HIGHLANDS,,PAHANG
,SKUDAI JOHOR DARUL T,,JOHOR
,SELAYANG BARU,,SELANGOR
,SUNGAI PELEK,,SELANGOR
,SEGAMBUT KUALA LUMPUR,,KUALA LUMPUR
,KLEBANG BESAR,,MELAKA
,KUALA LUMPOUR,,KUALA LUMPUR
,MID VALLEY,,KUALA LUMPUR
,KUALA KUBU BAHRU,,HULU/KUALA SELANGOR
,KLANG Q,,KLANG
,ALOR STAR,,KEDAH/PERLIS
,40460 SHAH ALAM,,SHAH ALAM
,SEREMBAN NEGERI SEREMBAN,,N. SEMBILAN
,SG BULUH,,SUNGAI BULOH
,KEMAYAN SEREMBAN,,N. SEMBILAN
,KELANG,,KLANG
,PRAI,,PENANG
,HUMMELSTOWN PA,,OTHER
,D E,,OTHER
,GENTING,,PAHANG
,PKLANG,,KLANG
,SUBANG JAYA DARU EHSAN,,SUBANG JAYA
,GLASGOW,,OTHER
,USJ,,SUBANG JAYA
,SHAH LAM,,SHAH ALAM
,PUSAT BANDAR PUCHONG,,PUCHONG
,SUNGAI SIPUT (U),,PERAK
,RICHMOND,,OTHER
,NUSAJYA,,JOHOR
,JOHOR BAHRU JOHOR,,JOHOR
,PENGKALAN HULU,,PERAK
,BALAKONG JAYA,,SELANGOR
,BUKIT BATOK STREET 2,,SINGAPORE
,SIMPANG,,PERAK
,GEMAS,,N. SEMBILAN
,KOTA KEMUNING SEKSYEN 31,,SHAH ALAM
,KLANG DEHSAN,,KLANG
,SUNWAY,,SUBANG JAYA
,BAYAN BARU,,JOHOR
,BRUAS,,PERAK
,RENGIT,,JOHOR
,BENUT,,JOHOR
,TAIWAN,,OTHER
,BANDAR BOTANIC KLANG,,KLANG
,KULAI JAYA JOHOR DARUL T,,JOHOR
,PETALING JAYA SEL,,PETALING JAYA
,PETALING JAYA DE,,PETALING JAYA
,KAMPONG GAJAH,,PERAK
,TANUNG SEPAT,,SELANGOR
,NANJING,,OTHER
,BANDAR KINRARA,,PUCHONG
,AIR KEROH,,MELAKA
,PANDAN INDAH,,AMPANG
,SILIAU,,N. SEMBILAN
,38 JALAN SULTAN ISMAIL KUALA LUMPUR,,KUALA LUMPUR
,KLANG SELANGO DARUL EHSAN,,KLANG
,DEN HAAG,,OTHER
,SUNGAI SIPUT,,PERAK
,SHAH ALAM MALAYSIA,,SHAH ALAM
,RELAU,,PENANG
,KAJANAG,,KAJANG
,UPPER SERANGOON ROAD,,SINGAPORE
,PANDAMARAN,,KLANG
,PERAI BW,,PENANG
,CHERASKL,,CHERAS
,TELOK INTAN DARUL TAKZIM,,PERAK
,MENGKARAK,,PAHANG
,BUKIT KEMUNING,,SHAH ALAM
,PLENTONG MASAI,,JOHOR
,NORTH POINT,,SINGAPORE
,JOHORE,,JOHOR
,KUALA LUMPUE,,KUALA LUMPUR
,SENTUL KUALA LUMPUR,,KUALA LUMPUR
,MALIM NAWAR,,PERAK
,TAI KOK TSUI,,OTHER
,KLANG KLANG,,KLANG
,CHERAS DARUL EHSAN,,CHERAS
,KOTA BAHRU,,KELANTAN/TERENGGANU
,MASAI JOHOR BAHRU,,JOHOR
,SEBERANG PERAI UTATA,,PENANG
,KAHANG,,JOHOR
,BANDAR JENGKA,,PAHANG
,SECTION 15 SHAH ALAM,,SHAH ALAM
,PETRAJAYA,,PUTRAJAYA
,BAU,,SARAWAK
,LENGGONG,,PERAK
,BETONG,,PAHANG
,F T,,OTHER
,SIMPANG AMPAT  MALAYSIA,,PENANG
,SUBANG JAYA  DARU EHSAN,,SUBANG JAYA
,KLANG  DEHSAN,,KLANG
,PETALING JAYA  DE,,PETALING JAYA
,SHAH ALAM  MALAYSIA,,SHAH ALAM
,TELOK INTAN  DARUL TAKZIM,,PERAK
,SENTUL  KUALA LUMPUR,,KUALA LUMPUR
,KLANG  KLANG,,KLANG
,CHERAS   DARUL EHSAN,,CHERAS
